timestamp,action,view,value
2025-03-07 13:59:02.852,Wheel Scroll,Red1,delta=1
2025-03-07 13:59:02.957,Wheel Scroll,Red1,delta=1
2025-03-07 13:59:02.977,Wheel Scroll,Red1,delta=1
2025-03-07 13:59:03.098,Wheel Scroll,Red1,delta=1
2025-03-07 13:59:03.131,Wheel Scroll,Red1,delta=1
2025-03-07 13:59:03.138,Wheel Scroll,Red1,delta=1
2025-03-07 13:59:03.888,Wheel Scroll,Red1,delta=1
2025-03-07 13:59:04.011,Wheel Scroll,Red1,delta=1
2025-03-07 13:59:04.047,Wheel Scroll,Red1,delta=1
2025-03-07 13:59:04.053,Wheel Scroll,Red1,delta=1
2025-03-07 13:59:04.077,Wheel Scroll,Red1,delta=1
2025-03-07 13:59:04.440,Wheel Scroll,Red1,delta=1
2025-03-07 13:59:04.553,Wheel Scroll,Red1,delta=1
2025-03-07 13:59:04.586,Wheel Scroll,Red1,delta=1
2025-03-07 13:59:04.593,Wheel Scroll,Red1,delta=1
2025-03-07 13:59:04.910,Wheel Scroll,Red1,delta=1
2025-03-07 13:59:04.944,Wheel Scroll,Red1,delta=1
2025-03-07 13:59:05.356,Wheel Scroll,Red1,delta=-1
2025-03-07 13:59:05.475,Wheel Scroll,Red1,delta=-1
2025-03-07 13:59:05.494,Wheel Scroll,Red1,delta=-1
2025-03-07 13:59:05.518,Wheel Scroll,Red1,delta=-1
2025-03-07 13:59:05.525,Wheel Scroll,Red1,delta=-1
2025-03-07 13:59:05.548,Wheel Scroll,Red1,delta=-1
2025-03-07 13:59:05.875,Wheel Scroll,Red1,delta=-1
2025-03-07 13:59:06.026,Wheel Scroll,Red1,delta=-1
2025-03-07 13:59:06.047,Wheel Scroll,Red1,delta=-1
2025-03-07 13:59:06.072,Wheel Scroll,Red1,delta=-1
2025-03-07 13:59:06.079,Wheel Scroll,Red1,delta=-1
2025-03-07 13:59:06.103,Wheel Scroll,Red1,delta=-1
2025-03-07 13:59:06.109,Wheel Scroll,Red1,delta=-1
2025-03-07 13:59:15.246,Wheel Scroll,Red1,delta=-1
2025-03-07 13:59:15.373,Wheel Scroll,Red1,delta=-1
2025-03-07 13:59:15.384,Wheel Scroll,Red1,delta=-1
2025-03-07 13:59:15.387,Wheel Scroll,Red1,delta=-1
2025-03-07 13:59:15.518,Wheel Scroll,Red1,delta=-1
2025-03-07 13:59:15.531,Wheel Scroll,Red1,delta=-1
2025-03-07 13:59:15.551,Wheel Scroll,Red1,delta=-1
2025-03-07 13:59:16.221,Wheel Scroll,Red2,delta=1
2025-03-07 13:59:16.228,Wheel Scroll,Red2,delta=1
2025-03-07 13:59:16.349,Wheel Scroll,Red2,delta=1
2025-03-07 13:59:16.368,Wheel Scroll,Red2,delta=1
2025-03-07 13:59:16.391,Wheel Scroll,Red2,delta=1
2025-03-07 13:59:16.538,Wheel Scroll,Red2,delta=1
2025-03-07 13:59:17.024,Wheel Scroll,Green2,delta=1
2025-03-07 13:59:17.118,Wheel Scroll,Green2,delta=1
2025-03-07 13:59:17.138,Wheel Scroll,Green2,delta=1
2025-03-07 13:59:17.160,Wheel Scroll,Green2,delta=1
2025-03-07 13:59:17.166,Wheel Scroll,Green2,delta=1
2025-03-07 13:59:17.188,Wheel Scroll,Green2,delta=1
2025-03-07 13:59:17.193,Wheel Scroll,Green2,delta=1
2025-03-07 13:59:17.383,Wheel Scroll,Green2,delta=1
2025-03-07 13:59:17.731,Wheel Scroll,Green2,delta=1
2025-03-07 13:59:17.751,Wheel Scroll,Green2,delta=1
2025-03-07 13:59:17.773,Wheel Scroll,Green2,delta=1
2025-03-07 13:59:17.779,Wheel Scroll,Green2,delta=1
2025-03-07 13:59:17.801,Wheel Scroll,Green2,delta=1
2025-03-07 13:59:17.807,Wheel Scroll,Green2,delta=1
2025-03-07 13:59:17.878,Wheel Scroll,Green2,delta=1
2025-03-07 13:59:17.897,Wheel Scroll,Green2,delta=1
2025-03-07 13:59:17.920,Wheel Scroll,Green2,delta=1
2025-03-07 13:59:17.926,Wheel Scroll,Green2,delta=1
2025-03-07 13:59:17.946,Wheel Scroll,Green2,delta=1
2025-03-07 13:59:17.951,Wheel Scroll,Green2,delta=1
2025-03-07 13:59:18.746,Wheel Scroll,Green2,delta=-1
2025-03-07 13:59:18.969,Wheel Scroll,Green2,delta=-1
2025-03-07 13:59:18.975,Wheel Scroll,Green2,delta=-1
2025-03-07 13:59:19.006,Wheel Scroll,Green2,delta=-1
2025-03-07 13:59:19.012,Wheel Scroll,Green2,delta=-1
2025-03-07 13:59:19.022,Wheel Scroll,Green2,delta=-1
2025-03-07 13:59:19.138,Wheel Scroll,Green2,delta=-1
2025-03-07 13:59:19.263,Wheel Scroll,Green2,delta=-1
2025-03-07 13:59:19.297,Wheel Scroll,Green2,delta=-1
2025-03-07 13:59:19.303,Wheel Scroll,Green2,delta=-1
2025-03-07 13:59:19.324,Wheel Scroll,Green2,delta=-1
2025-03-07 13:59:19.331,Wheel Scroll,Green2,delta=-1
2025-03-07 13:59:19.561,Wheel Scroll,Green2,delta=-1
2025-03-07 13:59:19.581,Wheel Scroll,Green2,delta=-1
2025-03-07 13:59:19.930,Wheel Scroll,Green2,delta=-1
2025-03-07 13:59:19.962,Wheel Scroll,Green2,delta=-1
2025-03-07 13:59:19.968,Wheel Scroll,Green2,delta=-1
2025-03-07 13:59:19.979,Wheel Scroll,Green2,delta=-1
2025-03-07 13:59:42.164,Start Zoom,Red1,
2025-03-07 13:59:42.178,Zoom,Red1,"(265, 110)"
2025-03-07 13:59:42.281,Zoom,Red1,"(265, 103)"
2025-03-07 13:59:42.315,Zoom,Red1,"(265, 100)"
2025-03-07 13:59:42.357,Zoom,Red1,"(265, 95)"
2025-03-07 13:59:42.410,Zoom,Red1,"(265, 85)"
2025-03-07 13:59:42.527,Zoom,Red1,"(265, 78)"
2025-03-07 13:59:42.565,Zoom,Red1,"(265, 75)"
2025-03-07 13:59:42.677,Zoom,Red1,"(265, 70)"
2025-03-07 13:59:42.963,Zoom,Red1,"(265, 69)"
2025-03-07 13:59:43.219,End Zoom,Red1,
2025-03-07 13:59:47.379,Start Scroll,Red1,
2025-03-07 13:59:47.491,Scroll,Red1,"(255, 106)"
2025-03-07 13:59:47.625,Scroll,Red1,"(255, 119)"
2025-03-07 13:59:47.659,Scroll,Red1,"(255, 133)"
2025-03-07 13:59:47.733,Scroll,Red1,"(255, 135)"
2025-03-07 13:59:47.768,Scroll,Red1,"(255, 152)"
2025-03-07 13:59:47.823,Scroll,Red1,"(255, 160)"
2025-03-07 13:59:47.858,Scroll,Red1,"(255, 167)"
2025-03-07 13:59:47.930,Scroll,Red1,"(255, 175)"
2025-03-07 13:59:47.964,Scroll,Red1,"(255, 178)"
2025-03-07 13:59:48.049,Scroll,Red1,"(255, 184)"
2025-03-07 13:59:48.085,Scroll,Red1,"(255, 189)"
2025-03-07 13:59:48.174,Scroll,Red1,"(255, 196)"
2025-03-07 13:59:48.210,Scroll,Red1,"(256, 204)"
2025-03-07 13:59:48.269,Scroll,Red1,"(259, 211)"
2025-03-07 13:59:48.304,Scroll,Red1,"(260, 214)"
2025-03-07 13:59:48.870,Scroll,Red1,"(261, 217)"
2025-03-07 13:59:48.874,End Scroll,Red1,
2025-03-07 14:00:31.686,Wheel Scroll,Red1,delta=1
2025-03-07 14:00:31.855,Wheel Scroll,Red1,delta=1
2025-03-07 14:00:31.861,Wheel Scroll,Red1,delta=1
2025-03-07 14:00:31.867,Wheel Scroll,Red1,delta=1
2025-03-07 14:00:31.996,Wheel Scroll,Red1,delta=1
2025-03-07 14:00:32.014,Wheel Scroll,Red1,delta=1
2025-03-07 14:00:32.036,Wheel Scroll,Red1,delta=1
2025-03-07 14:00:32.331,Wheel Scroll,Red1,delta=-1
2025-03-07 14:00:32.472,Wheel Scroll,Red1,delta=-1
2025-03-07 14:00:32.491,Wheel Scroll,Red1,delta=-1
2025-03-07 14:00:32.514,Wheel Scroll,Red1,delta=-1
2025-03-07 14:00:32.520,Wheel Scroll,Red1,delta=-1
2025-03-07 14:00:32.542,Wheel Scroll,Red1,delta=-1
2025-03-07 14:00:32.649,Wheel Scroll,Red1,delta=-1
2025-03-07 14:00:32.799,Wheel Scroll,Red1,delta=-1
2025-03-07 14:00:32.998,Wheel Scroll,Red1,delta=-1
2025-03-07 14:00:33.017,Wheel Scroll,Red1,delta=-1
2025-03-07 14:00:33.041,Wheel Scroll,Red1,delta=-1
2025-03-07 14:00:33.048,Wheel Scroll,Red1,delta=-1
2025-03-07 14:00:33.071,Wheel Scroll,Red1,delta=-1
2025-03-07 14:00:33.222,Wheel Scroll,Red1,delta=-1
2025-03-07 14:00:33.241,Wheel Scroll,Red1,delta=-1
2025-03-07 14:00:33.263,Wheel Scroll,Red1,delta=-1
2025-03-07 14:00:33.270,Wheel Scroll,Red1,delta=-1
2025-03-07 14:00:33.291,Wheel Scroll,Red1,delta=-1
2025-03-07 14:00:33.342,Wheel Scroll,Red1,delta=-1
2025-03-07 14:00:33.361,Wheel Scroll,Red1,delta=-1
2025-03-07 14:00:33.550,Wheel Scroll,Red1,delta=-1
2025-03-07 14:00:33.940,Wheel Scroll,Red1,delta=-1
2025-03-07 14:00:33.973,Wheel Scroll,Red1,delta=-1
2025-03-07 14:00:33.979,Wheel Scroll,Red1,delta=-1
2025-03-07 14:00:33.991,Wheel Scroll,Red1,delta=-1
2025-03-07 14:00:34.013,Wheel Scroll,Red1,delta=-1
2025-03-07 14:00:34.020,Wheel Scroll,Red1,delta=-1
2025-03-07 14:00:34.314,Wheel Scroll,Red1,delta=-1
2025-03-07 14:00:34.334,Wheel Scroll,Red1,delta=-1
2025-03-07 14:00:34.358,Wheel Scroll,Red1,delta=-1
2025-03-07 14:00:34.365,Wheel Scroll,Red1,delta=-1
2025-03-07 14:00:34.388,Wheel Scroll,Red1,delta=-1
2025-03-07 14:00:34.394,Wheel Scroll,Red1,delta=-1
2025-03-07 14:00:34.424,Wheel Scroll,Red1,delta=-1
2025-03-07 14:00:34.429,Wheel Scroll,Red1,delta=-1
2025-03-07 14:00:34.434,Wheel Scroll,Red1,delta=-1
2025-03-07 14:00:34.440,Wheel Scroll,Red1,delta=-1
2025-03-07 14:00:34.450,Wheel Scroll,Red1,delta=-1
2025-03-07 14:00:34.453,Wheel Scroll,Red1,delta=-1
2025-03-07 14:00:34.715,Wheel Scroll,Red1,delta=-1
2025-03-07 14:00:35.000,Wheel Scroll,Red1,delta=-1
2025-03-07 14:00:35.020,Wheel Scroll,Red1,delta=-1
2025-03-07 14:00:35.043,Wheel Scroll,Red1,delta=-1
2025-03-07 14:00:35.050,Wheel Scroll,Red1,delta=-1
2025-03-07 14:00:35.073,Wheel Scroll,Red1,delta=-1
2025-03-07 14:00:35.124,Wheel Scroll,Red1,delta=-1
2025-03-07 14:00:35.508,Wheel Scroll,Red1,delta=-1
2025-03-07 14:00:35.528,Wheel Scroll,Red1,delta=-1
2025-03-07 14:00:35.551,Wheel Scroll,Red1,delta=-1
2025-03-07 14:00:35.558,Wheel Scroll,Red1,delta=-1
2025-03-07 14:00:35.581,Wheel Scroll,Red1,delta=-1
2025-03-07 14:00:35.587,Wheel Scroll,Red1,delta=-1
2025-03-07 14:00:36.001,Wheel Scroll,Red1,delta=-1
2025-03-07 14:00:36.021,Wheel Scroll,Red1,delta=-1
2025-03-07 14:00:36.044,Wheel Scroll,Red1,delta=-1
2025-03-07 14:00:36.051,Wheel Scroll,Red1,delta=-1
2025-03-07 14:00:36.074,Wheel Scroll,Red1,delta=-1
2025-03-07 14:01:33.877,Start Pan,Red1,
2025-03-07 14:01:33.885,Pan,Red1,"(257, 103)"
2025-03-07 14:01:33.920,Pan,Red1,"(266, 92)"
2025-03-07 14:01:34.002,Pan,Red1,"(272, 87)"
2025-03-07 14:01:34.036,Pan,Red1,"(281, 83)"
2025-03-07 14:01:34.114,Pan,Red1,"(284, 83)"
2025-03-07 14:01:34.124,Pan,Red1,"(286, 83)"
2025-03-07 14:01:34.159,Pan,Red1,"(298, 84)"
2025-03-07 14:01:34.261,Pan,Red1,"(304, 86)"
2025-03-07 14:01:34.295,Pan,Red1,"(313, 91)"
2025-03-07 14:01:34.367,Pan,Red1,"(317, 94)"
2025-03-07 14:01:34.480,Pan,Red1,"(321, 98)"
2025-03-07 14:01:34.485,Pan,Red1,"(322, 100)"
2025-03-07 14:01:34.517,Pan,Red1,"(323, 105)"
2025-03-07 14:01:34.606,Pan,Red1,"(324, 110)"
2025-03-07 14:01:34.616,Pan,Red1,"(325, 111)"
2025-03-07 14:01:34.643,Pan,Red1,"(325, 112)"
2025-03-07 14:01:34.683,Pan,Red1,"(326, 115)"
2025-03-07 14:01:34.793,End Pan,Red1,
2025-03-07 14:01:40.869,Start Zoom,Red1,
2025-03-07 14:01:40.883,Zoom,Red1,"(259, 139)"
2025-03-07 14:01:40.991,Zoom,Red1,"(259, 128)"
2025-03-07 14:01:41.033,Zoom,Red1,"(259, 121)"
2025-03-07 14:01:41.098,Zoom,Red1,"(259, 118)"
2025-03-07 14:01:41.129,Zoom,Red1,"(259, 117)"
2025-03-07 14:01:41.161,Zoom,Red1,"(260, 110)"
2025-03-07 14:01:41.211,Zoom,Red1,"(260, 106)"
2025-03-07 14:01:41.219,Zoom,Red1,"(260, 104)"
2025-03-07 14:01:41.247,Zoom,Red1,"(261, 99)"
2025-03-07 14:01:41.316,Zoom,Red1,"(261, 97)"
2025-03-07 14:01:41.326,Zoom,Red1,"(261, 95)"
2025-03-07 14:01:41.360,Zoom,Red1,"(262, 90)"
2025-03-07 14:01:41.595,Zoom,Red1,"(262, 85)"
2025-03-07 14:01:41.639,Zoom,Red1,"(262, 86)"
2025-03-07 14:01:41.713,Zoom,Red1,"(262, 93)"
2025-03-07 14:01:41.763,Zoom,Red1,"(262, 116)"
2025-03-07 14:01:41.829,Zoom,Red1,"(262, 128)"
2025-03-07 14:01:41.859,Zoom,Red1,"(262, 130)"
2025-03-07 14:01:41.939,Zoom,Red1,"(262, 148)"
2025-03-07 14:01:41.966,Zoom,Red1,"(262, 152)"
2025-03-07 14:01:42.003,Zoom,Red1,"(262, 164)"
2025-03-07 14:01:42.058,Zoom,Red1,"(262, 167)"
2025-03-07 14:01:42.087,Zoom,Red1,"(262, 180)"
2025-03-07 14:01:42.215,Zoom,Red1,"(262, 181)"
2025-03-07 14:01:42.218,End Zoom,Red1,
2025-03-07 14:01:45.335,Start Window_Level,Red1,
2025-03-07 14:01:45.340,Window_Level,Red1,"(312, 94)"
2025-03-07 14:01:45.480,Window_Level,Red1,"(305, 99)"
2025-03-07 14:01:45.488,Window_Level,Red1,"(303, 101)"
2025-03-07 14:01:45.520,Window_Level,Red1,"(298, 107)"
2025-03-07 14:01:45.568,Window_Level,Red1,"(281, 121)"
2025-03-07 14:01:45.675,Window_Level,Red1,"(267, 125)"
2025-03-07 14:01:45.707,Window_Level,Red1,"(252, 131)"
2025-03-07 14:01:45.879,Window_Level,Red1,"(247, 133)"
2025-03-07 14:01:46.029,Window_Level,Red1,"(245, 137)"
2025-03-07 14:01:46.149,Window_Level,Red1,"(247, 136)"
2025-03-07 14:01:46.275,Window_Level,Red1,"(249, 128)"
2025-03-07 14:01:46.308,Window_Level,Red1,"(252, 114)"
2025-03-07 14:01:46.384,Window_Level,Red1,"(254, 107)"
2025-03-07 14:01:46.419,Window_Level,Red1,"(256, 99)"
2025-03-07 14:01:46.460,Window_Level,Red1,"(259, 91)"
2025-03-07 14:01:46.468,Window_Level,Red1,"(260, 90)"
2025-03-07 14:01:46.499,Window_Level,Red1,"(263, 83)"
2025-03-07 14:01:46.571,Window_Level,Red1,"(268, 72)"
2025-03-07 14:01:46.603,Window_Level,Red1,"(269, 69)"
2025-03-07 14:01:46.809,Window_Level,Red1,"(270, 68)"
2025-03-07 14:01:46.813,End Window_Level,Red1,
2025-03-11 10:31:30.789,Start Pan,Yellow2,
2025-03-11 10:31:30.795,Pan,Yellow2,"(215, 135)"
2025-03-11 10:31:30.824,Pan,Yellow2,"(214, 138)"
2025-03-11 10:31:30.922,Pan,Yellow2,"(210, 150)"
2025-03-11 10:31:30.928,Pan,Yellow2,"(210, 151)"
2025-03-11 10:31:30.955,Pan,Yellow2,"(210, 152)"
2025-03-11 10:31:31.079,Pan,Yellow2,"(210, 153)"
2025-03-11 10:31:31.081,End Pan,Yellow2,
2025-03-11 10:31:31.976,Start Pan,Yellow2,
2025-03-11 10:31:31.982,Pan,Yellow2,"(218, 183)"
2025-03-11 10:31:32.001,Pan,Yellow2,"(226, 170)"
2025-03-11 10:31:32.105,Pan,Yellow2,"(228, 164)"
2025-03-11 10:31:32.123,Pan,Yellow2,"(229, 163)"
2025-03-11 10:31:32.369,Pan,Yellow2,"(230, 161)"
2025-03-11 10:31:32.524,Pan,Yellow2,"(231, 158)"
2025-03-11 10:31:32.526,End Pan,Yellow2,
2025-03-11 10:31:33.030,Start Zoom,Yellow2,
2025-03-11 10:31:33.042,Zoom,Yellow2,"(228, 151)"
2025-03-11 10:31:33.195,Zoom,Yellow2,"(220, 174)"
2025-03-11 10:31:33.228,Zoom,Yellow2,"(219, 181)"
2025-03-11 10:31:33.277,Zoom,Yellow2,"(217, 194)"
2025-03-11 10:31:33.402,Zoom,Yellow2,"(216, 202)"
2025-03-11 10:31:33.434,Zoom,Yellow2,"(216, 204)"
2025-03-11 10:31:33.536,Zoom,Yellow2,"(216, 208)"
2025-03-11 10:31:33.567,Zoom,Yellow2,"(216, 213)"
2025-03-11 10:31:33.656,Zoom,Yellow2,"(215, 213)"
2025-03-11 10:31:33.758,Zoom,Yellow2,"(218, 198)"
2025-03-11 10:31:33.884,Zoom,Yellow2,"(222, 172)"
2025-03-11 10:31:33.916,Zoom,Yellow2,"(223, 157)"
2025-03-11 10:31:34.018,Zoom,Yellow2,"(224, 141)"
2025-03-11 10:31:34.050,Zoom,Yellow2,"(225, 125)"
2025-03-11 10:31:34.106,Zoom,Yellow2,"(226, 121)"
2025-03-11 10:31:34.138,Zoom,Yellow2,"(227, 111)"
2025-03-11 10:31:34.233,Zoom,Yellow2,"(227, 103)"
2025-03-11 10:31:34.264,Zoom,Yellow2,"(228, 97)"
2025-03-11 10:31:34.330,Zoom,Yellow2,"(228, 95)"
2025-03-11 10:31:34.362,Zoom,Yellow2,"(230, 84)"
2025-03-11 10:31:34.451,Zoom,Yellow2,"(231, 82)"
2025-03-11 10:31:34.482,Zoom,Yellow2,"(231, 76)"
2025-03-11 10:31:34.650,Zoom,Yellow2,"(232, 74)"
2025-03-11 10:31:34.783,Zoom,Yellow2,"(230, 81)"
2025-03-11 10:31:34.880,Zoom,Yellow2,"(230, 85)"
2025-03-11 10:31:34.904,Zoom,Yellow2,"(230, 88)"
2025-03-11 10:31:34.939,Zoom,Yellow2,"(230, 99)"
2025-03-11 10:31:34.997,Zoom,Yellow2,"(230, 101)"
2025-03-11 10:31:35.028,Zoom,Yellow2,"(230, 107)"
2025-03-11 10:31:35.158,Zoom,Yellow2,"(229, 108)"
2025-03-11 10:31:35.183,Zoom,Yellow2,"(229, 109)"
2025-03-11 10:31:35.509,End Zoom,Yellow2,
2025-03-11 10:31:36.126,Start Window_Level,Yellow2,
2025-03-11 10:31:36.128,Window_Level,Yellow2,"(225, 126)"
2025-03-11 10:31:36.131,Window_Level,Yellow2,"(221, 125)"
2025-03-11 10:31:36.229,Window_Level,Yellow2,"(214, 123)"
2025-03-11 10:31:36.232,Window_Level,Yellow2,"(208, 122)"
2025-03-11 10:31:36.341,Window_Level,Yellow2,"(193, 122)"
2025-03-11 10:31:36.344,Window_Level,Yellow2,"(171, 124)"
2025-03-11 10:31:36.451,Window_Level,Yellow2,"(160, 124)"
2025-03-11 10:31:36.453,Window_Level,Yellow2,"(147, 124)"
2025-03-11 10:31:36.559,Window_Level,Yellow2,"(141, 124)"
2025-03-11 10:31:36.561,Window_Level,Yellow2,"(125, 124)"
2025-03-11 10:31:36.663,Window_Level,Yellow2,"(115, 124)"
2025-03-11 10:31:36.666,Window_Level,Yellow2,"(102, 124)"
2025-03-11 10:31:36.776,Window_Level,Yellow2,"(85, 124)"
2025-03-11 10:31:36.779,Window_Level,Yellow2,"(76, 123)"
2025-03-11 10:31:36.962,Window_Level,Yellow2,"(65, 122)"
2025-03-11 10:31:36.965,Window_Level,Yellow2,"(58, 121)"
2025-03-11 10:31:37.071,Window_Level,Yellow2,"(122, 128)"
2025-03-11 10:31:37.074,Window_Level,Yellow2,"(218, 152)"
2025-03-11 10:31:37.184,Window_Level,Yellow2,"(240, 165)"
2025-03-11 10:31:37.187,Window_Level,Yellow2,"(246, 182)"
2025-03-11 10:31:37.275,Window_Level,Yellow2,"(248, 186)"
2025-03-11 10:31:37.277,End Window_Level,Yellow2,
2025-03-11 10:31:37.664,Start Window_Level,Yellow2,
2025-03-11 10:31:37.665,Window_Level,Yellow2,"(247, 185)"
2025-03-11 10:31:37.787,Window_Level,Yellow2,"(251, 172)"
2025-03-11 10:31:37.790,Window_Level,Yellow2,"(251, 170)"
2025-03-11 10:31:37.793,Window_Level,Yellow2,"(253, 164)"
2025-03-11 10:31:37.883,Window_Level,Yellow2,"(256, 154)"
2025-03-11 10:31:37.886,Window_Level,Yellow2,"(256, 152)"
2025-03-11 10:31:37.888,End Window_Level,Yellow2,
2025-03-11 10:31:38.402,Start Scroll,Yellow2,
2025-03-11 10:31:38.409,Scroll,Yellow2,"(252, 160)"
2025-03-11 10:31:38.438,Scroll,Yellow2,"(252, 158)"
2025-03-11 10:31:38.611,Scroll,Yellow2,"(252, 152)"
2025-03-11 10:31:38.619,Scroll,Yellow2,"(252, 149)"
2025-03-11 10:31:38.648,Scroll,Yellow2,"(254, 138)"
2025-03-11 10:31:38.802,Scroll,Yellow2,"(255, 132)"
2025-03-11 10:31:38.810,Scroll,Yellow2,"(255, 130)"
2025-03-11 10:31:38.838,Scroll,Yellow2,"(262, 106)"
2025-03-11 10:31:38.966,Scroll,Yellow2,"(263, 104)"
2025-03-11 10:31:38.974,Scroll,Yellow2,"(263, 102)"
2025-03-11 10:31:39.002,Scroll,Yellow2,"(265, 95)"
2025-03-11 10:31:39.177,Scroll,Yellow2,"(263, 96)"
2025-03-11 10:31:39.291,Scroll,Yellow2,"(258, 107)"
2025-03-11 10:31:39.319,Scroll,Yellow2,"(257, 111)"
2025-03-11 10:31:39.409,Scroll,Yellow2,"(256, 114)"
2025-03-11 10:31:39.437,Scroll,Yellow2,"(253, 126)"
2025-03-11 10:31:39.529,Scroll,Yellow2,"(252, 128)"
2025-03-11 10:31:39.557,Scroll,Yellow2,"(249, 138)"
2025-03-11 10:31:39.651,Scroll,Yellow2,"(248, 143)"
2025-03-11 10:31:39.679,Scroll,Yellow2,"(246, 147)"
2025-03-11 10:31:39.831,Scroll,Yellow2,"(245, 150)"
2025-03-11 10:31:39.833,End Scroll,Yellow2,
2025-03-11 10:31:40.421,Start Window_Level,Yellow2,
2025-03-11 10:31:40.423,Window_Level,Yellow2,"(241, 169)"
2025-03-11 10:31:40.529,Window_Level,Yellow2,"(243, 151)"
2025-03-11 10:31:40.532,Window_Level,Yellow2,"(246, 142)"
2025-03-11 10:31:40.633,Window_Level,Yellow2,"(246, 130)"
2025-03-11 10:31:40.636,Window_Level,Yellow2,"(246, 129)"
2025-03-11 10:31:40.747,Window_Level,Yellow2,"(246, 122)"
2025-03-11 10:31:40.941,Window_Level,Yellow2,"(246, 121)"
2025-03-11 10:31:40.943,End Window_Level,Yellow2,
2025-03-11 10:31:41.592,Start Pan,Yellow2,
2025-03-11 10:31:41.598,Pan,Yellow2,"(225, 141)"
2025-03-11 10:31:41.625,Pan,Yellow2,"(223, 138)"
2025-03-11 10:31:41.720,Pan,Yellow2,"(220, 132)"
2025-03-11 10:31:41.727,Pan,Yellow2,"(219, 131)"
2025-03-11 10:31:41.754,Pan,Yellow2,"(217, 125)"
2025-03-11 10:31:42.037,Pan,Yellow2,"(217, 124)"
2025-03-11 10:31:42.039,End Pan,Yellow2,
2025-03-11 10:31:44.813,Start Window_Level,Yellow1,
2025-03-11 10:31:44.815,Window_Level,Yellow1,"(198, 121)"
2025-03-11 10:31:44.917,Window_Level,Yellow1,"(199, 115)"
2025-03-11 10:31:44.920,Window_Level,Yellow1,"(202, 99)"
2025-03-11 10:31:45.027,Window_Level,Yellow1,"(207, 85)"
2025-03-11 10:31:45.030,Window_Level,Yellow1,"(211, 75)"
2025-03-11 10:31:45.139,Window_Level,Yellow1,"(215, 63)"
2025-03-11 10:31:45.142,Window_Level,Yellow1,"(218, 50)"
2025-03-11 10:31:45.280,Window_Level,Yellow1,"(220, 44)"
2025-03-11 10:31:45.283,Window_Level,Yellow1,"(221, 42)"
2025-03-11 10:31:45.486,End Window_Level,Yellow1,
2025-03-11 10:31:49.135,Start Pan,Yellow1,
2025-03-11 10:31:49.141,Pan,Yellow1,"(187, 135)"
2025-03-11 10:31:49.422,Pan,Yellow1,"(189, 123)"
2025-03-11 10:31:49.441,Pan,Yellow1,"(190, 121)"
2025-03-11 10:31:49.561,Pan,Yellow1,"(190, 116)"
2025-03-11 10:31:49.568,Pan,Yellow1,"(190, 113)"
2025-03-11 10:31:49.595,Pan,Yellow1,"(190, 105)"
2025-03-11 10:31:49.655,Pan,Yellow1,"(191, 102)"
2025-03-11 10:31:49.673,Pan,Yellow1,"(194, 92)"
2025-03-11 10:31:50.082,Pan,Yellow1,"(194, 91)"
2025-03-11 10:31:50.084,End Pan,Yellow1,
2025-03-11 10:31:50.637,Start Pan,Yellow1,
2025-03-11 10:31:50.643,Pan,Yellow1,"(196, 137)"
2025-03-11 10:31:50.878,Pan,Yellow1,"(198, 127)"
2025-03-11 10:31:51.038,Pan,Yellow1,"(198, 119)"
2025-03-11 10:31:51.045,Pan,Yellow1,"(198, 118)"
2025-03-11 10:31:51.072,Pan,Yellow1,"(198, 117)"
2025-03-11 10:31:51.179,Pan,Yellow1,"(198, 112)"
2025-03-11 10:31:51.186,Pan,Yellow1,"(198, 111)"
2025-03-11 10:31:51.267,Pan,Yellow1,"(198, 110)"
2025-03-11 10:31:51.268,End Pan,Yellow1,
2025-03-11 10:31:51.922,Start Scroll,Yellow1,
2025-03-11 10:31:51.929,Scroll,Yellow1,"(187, 118)"
2025-03-11 10:31:52.234,Scroll,Yellow1,"(187, 114)"
2025-03-11 10:31:52.346,Scroll,Yellow1,"(192, 103)"
2025-03-11 10:31:52.560,Scroll,Yellow1,"(193, 102)"
2025-03-11 10:31:52.662,Scroll,Yellow1,"(193, 108)"
2025-03-11 10:31:52.691,Scroll,Yellow1,"(193, 113)"
2025-03-11 10:31:52.798,Scroll,Yellow1,"(193, 116)"
2025-03-11 10:31:52.806,Scroll,Yellow1,"(193, 117)"
2025-03-11 10:31:52.928,Scroll,Yellow1,"(193, 120)"
2025-03-11 10:31:52.936,Scroll,Yellow1,"(193, 121)"
2025-03-11 10:31:52.964,Scroll,Yellow1,"(193, 127)"
2025-03-11 10:31:53.276,Scroll,Yellow1,"(193, 131)"
2025-03-11 10:31:53.278,End Scroll,Yellow1,
2025-03-11 10:31:53.596,Wheel Scroll,Yellow1,delta=1
2025-03-11 10:31:53.872,Start Pan,Yellow1,
2025-03-11 10:31:53.878,Pan,Yellow1,"(186, 124)"
2025-03-11 10:31:54.003,Pan,Yellow1,"(183, 136)"
2025-03-11 10:31:54.030,Pan,Yellow1,"(181, 147)"
2025-03-11 10:31:54.131,Pan,Yellow1,"(180, 155)"
2025-03-11 10:31:54.149,Pan,Yellow1,"(179, 160)"
2025-03-11 10:31:54.265,Pan,Yellow1,"(176, 166)"
2025-03-11 10:31:54.271,Pan,Yellow1,"(176, 167)"
2025-03-11 10:31:54.401,Pan,Yellow1,"(174, 171)"
2025-03-11 10:31:54.628,End Pan,Yellow1,
2025-03-12 10:34:20.043,Wheel Scroll,Yellow2,delta=1
2025-03-12 10:34:20.064,Wheel Scroll,Yellow2,delta=1
2025-03-12 10:34:20.154,Wheel Scroll,Yellow2,delta=1
2025-03-12 10:34:20.168,Wheel Scroll,Yellow2,delta=1
2025-03-12 10:34:20.265,Wheel Scroll,Yellow2,delta=1
2025-03-12 10:34:20.278,Wheel Scroll,Yellow2,delta=1
2025-03-12 10:34:20.866,Wheel Scroll,Yellow2,delta=1
2025-03-12 10:34:20.886,Wheel Scroll,Yellow2,delta=-1
2025-03-12 10:34:20.974,Wheel Scroll,Yellow2,delta=-1
2025-03-12 10:34:21.010,Wheel Scroll,Yellow2,delta=-1
2025-03-12 10:34:21.015,Wheel Scroll,Yellow2,delta=-1
2025-03-12 10:34:21.020,Wheel Scroll,Yellow2,delta=-1
2025-03-12 10:34:21.030,Wheel Scroll,Yellow2,delta=-1
2025-03-12 10:34:21.609,Wheel Scroll,Yellow2,delta=-1
2025-03-12 10:34:21.629,Wheel Scroll,Yellow2,delta=-1
2025-03-12 10:34:21.655,Wheel Scroll,Yellow2,delta=-1
2025-03-12 10:34:21.732,Wheel Scroll,Yellow2,delta=-1
2025-03-12 10:34:21.768,Wheel Scroll,Yellow2,delta=-1
2025-03-12 10:34:21.773,Wheel Scroll,Yellow2,delta=-1
2025-03-12 10:34:21.778,Wheel Scroll,Yellow2,delta=-1
2025-03-12 10:34:21.788,Wheel Scroll,Yellow2,delta=-1
2025-03-12 10:34:21.902,Wheel Scroll,Yellow2,delta=-1
2025-03-12 10:34:22.206,Wheel Scroll,Yellow2,delta=-1
2025-03-12 10:34:22.320,Wheel Scroll,Yellow2,delta=-1
2025-03-12 10:34:22.340,Wheel Scroll,Yellow2,delta=-1
2025-03-12 10:34:22.364,Wheel Scroll,Yellow2,delta=-1
2025-03-12 10:34:22.370,Wheel Scroll,Yellow2,delta=-1
2025-03-12 10:34:22.374,Wheel Scroll,Yellow2,delta=-1
2025-03-12 10:34:22.719,Wheel Scroll,Yellow2,delta=-1
2025-03-12 10:34:22.738,Wheel Scroll,Yellow2,delta=-1
2025-03-12 10:34:22.891,Wheel Scroll,Yellow2,delta=-1
2025-03-12 10:34:22.910,Wheel Scroll,Yellow2,delta=-1
2025-03-12 10:34:22.935,Wheel Scroll,Yellow2,delta=-1
2025-03-12 10:34:22.940,Wheel Scroll,Yellow2,delta=-1
2025-03-12 10:34:22.945,Wheel Scroll,Yellow2,delta=-1
2025-03-12 10:34:22.969,Wheel Scroll,Yellow2,delta=-1
2025-03-12 10:34:23.193,Wheel Scroll,Yellow2,delta=-1
2025-03-12 10:34:23.306,Wheel Scroll,Yellow2,delta=-1
2025-03-12 10:34:23.327,Wheel Scroll,Yellow2,delta=-1
2025-03-12 10:34:23.354,Wheel Scroll,Yellow2,delta=-1
2025-03-12 10:34:23.359,Wheel Scroll,Yellow2,delta=-1
2025-03-12 10:34:23.384,Wheel Scroll,Yellow2,delta=-1
2025-03-12 10:34:23.389,Wheel Scroll,Yellow2,delta=-1
2025-03-12 10:34:23.393,Wheel Scroll,Yellow2,delta=-1
2025-03-12 10:34:23.415,Wheel Scroll,Yellow2,delta=-1
2025-03-12 10:34:23.739,Wheel Scroll,Yellow2,delta=-1
2025-03-12 10:34:23.892,Wheel Scroll,Yellow2,delta=-1
2025-03-12 10:34:23.913,Wheel Scroll,Yellow2,delta=-1
2025-03-12 10:34:23.940,Wheel Scroll,Yellow2,delta=-1
2025-03-12 10:34:23.945,Wheel Scroll,Yellow2,delta=-1
2025-03-12 10:34:23.970,Wheel Scroll,Yellow2,delta=-1
2025-03-12 10:34:23.975,Wheel Scroll,Yellow2,delta=-1
2025-03-12 10:34:24.214,Wheel Scroll,Yellow2,delta=-1
2025-03-12 10:34:24.369,Wheel Scroll,Yellow2,delta=-1
2025-03-12 10:34:24.390,Wheel Scroll,Yellow2,delta=-1
2025-03-12 10:34:24.417,Wheel Scroll,Yellow2,delta=-1
2025-03-12 10:34:24.422,Wheel Scroll,Yellow2,delta=-1
2025-03-12 10:34:24.447,Wheel Scroll,Yellow2,delta=-1
2025-03-12 10:34:24.453,Wheel Scroll,Yellow2,delta=-1
2025-03-12 10:34:24.457,Wheel Scroll,Yellow2,delta=-1
2025-03-12 10:34:24.479,Wheel Scroll,Yellow2,delta=-1
2025-03-12 10:34:24.484,Wheel Scroll,Yellow2,delta=-1
